model,context_window_tokens,creator,providers,license,artificial_analysis_intelligence_index,artificial_analysis_omniscience_index,gdpval_aa_pct,terminal_bench_hard_pct,tau2_bench_telecom_pct,aa_lcr_pct,aa_omniscience_accuracy_pct,aa_omniscience_non_hallucination_rate_pct,humanitys_last_exam_pct,gpqa_diamond_pct,scicode_pct,ifbench_pct,critpt_pct,apex_agents_aa_pct,mmmu_pro_pct,blended_usd_per_1m_tokens,input_price_usd_per_1m_tokens,output_price_usd_per_1m_tokens,median_tokens_per_second,p5_tokens_per_second,p25_tokens_per_second,p75_tokens_per_second,p95_tokens_per_second,first_chunk_latency_seconds,first_answer_latency_seconds,p5_first_chunk_latency_seconds,p25_first_chunk_latency_seconds,p75_first_chunk_latency_seconds,p95_first_chunk_latency_seconds,total_response_time_seconds,reasoning_time_seconds
GPT-5.5 (xhigh),922000,OpenAI,OpenAI,Proprietary,60,20,64,61,94,74,57,14,44,94,56,76,27,38,80,11.25,5.00,30.00,71,45,56,80,111,88.81,88.81,21.76,62.33,162.37,218.68,95.82,
GPT-5.5 (high),922000,OpenAI,OpenAI,Proprietary,59,18,63,60,93,73,56,14,43,93,56,72,25,,81,11.25,5.00,30.00,63,42,58,72,88,29.54,29.54,12.42,23.56,83.04,144.87,37.48,
Claude Opus 4.7 (max),1000000,Anthropic,Anthropic,Proprietary,57,26,63,52,89,70,46,64,40,91,55,59,12,,79,10.94,6.25,25.00,67,46,57,78,104,14.99,14.99,3.42,4.91,29.38,93.58,22.46,
Gemini 3.1 Pro Preview,1000000,Google,Google,Proprietary,57,33,41,54,96,73,55,50,45,94,59,77,18,32,82,4.50,2.00,12.00,134,96,124,153,167,31.87,31.87,17.05,24.44,84.19,167.38,35.61,
GPT-5.5 (medium),922000,OpenAI,OpenAI,Proprietary,57,17,58,58,92,72,56,14,41,93,53,71,19,,81,11.25,5.00,30.00,63,40,52,73,83,11.12,11.12,2.90,5.75,17.82,33.88,19.08,
Kimi K2.6,256000,Kimi,Kimi,Open,54,6,49,44,96,70,33,61,36,91,53,76,8,,79,1.71,0.95,4.00,48,35,43,63,87,2.95,95.83,1.74,2.64,3.09,3.78,106.26,92.88
MiMo-V2.5-Pro,1000000,Xiaomi,Xiaomi,Open,54,4,54,43,94,73,23,75,34,87,50,80,4,,,1.50,1.00,3.00,56,37,48,65,73,3.01,38.54,0.72,2.45,4.17,10.38,47.43,35.53
GPT-5.3 Codex (xhigh),400000,OpenAI,OpenAI,Proprietary,54,10,49,53,86,74,52,13,40,92,53,75,17,,78,4.81,1.75,14.00,84,60,72,100,115,103.41,103.41,51.37,81.56,159.01,227.12,109.34,
Grok 4.3 (high),1000000,xAI,xAI,Proprietary,53,18,50,38,98,64,35,75,35,90,47,81,8,,78,1.56,1.25,2.50,83,59,72,91,174,9.83,9.83,3.02,6.65,12.49,40.74,15.88,
Muse Spark,262000,Meta,Meta,Proprietary,52,4,46,45,92,70,45,27,40,88,52,76,11,,81,,,,,,,,,,,,,,,,
"Claude Opus 4.7 (Non-reasoning, high)",1000000,Anthropic,Anthropic,Proprietary,52,14,59,55,74,67,44,48,31,88,50,44,5,,76,10.94,6.25,25.00,59,41,50,73,90,1.91,1.91,1.45,1.64,2.23,2.70,10.35,
Qwen3.6 Max Preview,256000,Alibaba,Alibaba,Proprietary,52,10,50,44,96,70,38,56,29,89,47,77,4,,,2.92,1.30,7.80,38,33,36,41,43,3.89,56.99,3.08,3.18,4.73,8.59,70.27,53.10
Claude Sonnet 4.6 (max),1000000,Anthropic,Anthropic,Proprietary,52,12,59,53,76,71,40,54,30,87,47,57,3,28,73,6.56,3.75,15.00,71,45,64,83,95,115.64,115.64,47.04,98.26,141.27,211.03,122.69,
DeepSeek V4 Pro (Max),1000000,DeepSeek,DeepSeek,Open,52,-10,53,46,96,66,43,6,36,89,50,76,13,,,2.17,1.74,3.48,33,29,32,34,35,2.03,135.14,1.28,1.85,2.15,2.30,150.35,133.11
GLM-5.1,200000,Z AI,Z AI,Open,51,2,52,43,98,62,24,71,28,87,44,76,5,,,2.15,1.40,4.40,48,25,33,70,177,1.59,80.93,0.88,1.03,2.32,7.85,91.40,79.35
GPT-5.5 (low),922000,OpenAI,OpenAI,Proprietary,51,15,47,52,84,72,54,14,31,91,52,64,8,,79,11.25,5.00,30.00,62,46,51,80,101,2.39,2.39,1.55,1.88,2.87,6.82,10.45,
Qwen3.6 Plus,1000000,Alibaba,Alibaba,Proprietary,50,3,43,44,98,70,26,68,26,88,41,75,3,,78,1.13,0.50,3.00,52,48,50,54,55,2.95,109.43,2.47,2.57,3.28,6.13,119.02,106.48
DeepSeek V4 Pro (High),1000000,DeepSeek,DeepSeek,Open,50,-10,53,42,94,65,42,11,34,91,46,71,10,,,2.17,1.74,3.48,32,29,31,33,35,1.91,63.43,1.21,1.70,2.02,2.49,78.87,61.51
GLM-5,200000,Z AI,Z AI,Open,50,2,45,43,98,63,27,66,27,82,46,72,2,14,,1.55,1.00,3.20,92,30,53,151,217,1.49,35.40,0.85,1.01,2.10,4.29,40.86,33.91
MiniMax-M2.7,205000,MiniMax,MiniMax,Open,50,1,50,39,85,69,26,66,28,87,47,76,1,11,,0.52,0.30,1.20,54,40,45,65,77,2.01,47.47,1.62,1.84,2.39,3.10,56.70,45.45
MiMo-V2.5,1000000,Xiaomi,Xiaomi,Open,49,-9,53,42,91,63,17,68,25,85,43,67,4,,75,0.72,0.36,1.80,93,72,84,105,116,3.21,24.76,2.24,2.69,3.94,5.83,30.14,21.55
GPT-5.4 mini (xhigh),400000,OpenAI,OpenAI,Proprietary,49,-19,47,52,83,69,37,10,27,87,50,73,10,28,73,1.69,0.75,4.50,165,131,142,181,206,10.74,10.74,2.98,5.01,21.77,29.27,13.78,
GPT-5.4 (low),1050000,OpenAI,OpenAI,Proprietary,48,5,50,43,75,67,47,19,29,87,50,66,7,,78,5.63,2.50,15.00,73,55,65,81,91,2.42,2.42,1.63,2.18,3.53,8.86,9.28,
GLM-5-Turbo,200000,Z AI,Z AI,Proprietary,47,-15,50,33,99,61,29,38,25,85,44,73,0,,,,,,,,,,,,,,,,,,
DeepSeek V4 Flash (Max),1000000,DeepSeek,DeepSeek,Open,47,-23,44,36,95,63,37,4,32,89,45,79,7,,,0.18,0.14,0.28,103,55,88,117,129,1.16,55.52,0.90,1.09,1.22,1.63,60.37,54.36
Gemini 3 Flash,1000000,Google,Google,Proprietary,46,12,35,39,80,66,54,8,35,90,51,78,9,28,80,1.13,0.50,3.00,175,138,158,190,195,7.69,7.69,5.40,6.64,8.78,14.16,10.55,
DeepSeek V4 Flash (High),1000000,DeepSeek,DeepSeek,Open,46,-22,46,39,96,63,36,10,28,87,42,73,3,,,0.18,0.14,0.28,,,,,,,,,,,,,
Qwen3.6 27B,262000,Alibaba,Alibaba,Open,46,-20,45,35,94,69,19,52,22,84,40,68,1,,75,1.35,0.60,3.60,66,40,62,69,76,3.70,33.98,3.50,3.60,4.02,4.24,41.55,30.28
Qwen3.5 397B A17B,262000,Alibaba,Alibaba,Open,45,-30,35,41,96,66,31,11,27,89,42,79,2,15,77,1.35,0.60,3.60,52,49,50,54,55,2.55,63.78,2.30,2.37,2.76,4.03,73.38,61.22
MiMo-V2-Omni-0327,256000,Xiaomi,Xiaomi,Proprietary,45,-14,42,36,88,64,18,60,20,85,39,67,1,,74,0.80,0.40,2.00,107,81,95,113,134,2.51,21.22,2.02,2.28,2.82,4.23,25.90,18.71
Claude Sonnet 4.6 (Non-reasoning),1000000,Anthropic,Anthropic,Proprietary,44,-3,55,46,80,58,38,34,13,80,47,41,1,,71,6.56,3.75,15.00,48,32,42,60,97,1.48,1.48,0.91,1.16,2.05,2.85,11.83,
GPT-5.4 nano (xhigh),400000,OpenAI,OpenAI,Proprietary,44,-30,34,42,76,66,25,26,26,82,47,76,9,25,65,0.46,0.20,1.25,145,114,136,155,160,5.99,5.99,2.29,3.56,8.53,14.08,9.44,
GLM-5.1,200000,Z AI,Z AI,Open,44,-21,50,36,97,44,26,37,26,84,36,52,0,,,2.15,1.40,4.40,41,21,32,61,158,1.85,1.85,0.90,1.32,3.60,11.74,14.04,
Qwen3.6 35B A3B,262000,Alibaba,Alibaba,Open,43,-21,40,35,95,64,19,50,20,84,36,64,0,,75,0.56,0.25,1.49,202,171,185,215,223,2.49,12.40,2.18,2.42,2.73,3.00,14.88,9.91
MiMo-V2-Omni,256000,Xiaomi,Xiaomi,Proprietary,43,-17,41,35,91,67,19,56,20,83,37,54,1,,70,0.00,0.00,0.00,101,81,98,109,122,2.46,22.22,2.13,2.24,4.02,7.59,27.16,19.76
Kimi K2.6,256000,Kimi,Kimi,Open,43,-10,41,38,94,58,23,57,18,79,39,44,1,,,1.71,0.95,4.00,43,25,33,52,78,2.88,2.88,1.65,2.08,3.37,6.60,14.46,
GLM 5V Turbo,200000,Z AI,Z AI,Proprietary,43,-19,41,33,99,61,29,32,16,81,44,61,1,,73,,,,,,,,,,,,,,,,
"Claude Sonnet 4.6 (Non-reasoning, Low Effort)",1000000,Anthropic,Anthropic,Proprietary,43,-2,48,42,79,59,36,40,11,80,44,42,1,,69,6.56,3.75,15.00,48,32,43,60,88,1.38,1.38,0.96,1.10,1.59,2.54,11.87,
Hy3-preview,256000,Tencent,Tencent,Open,42,-35,37,34,93,55,28,13,26,87,41,63,5,,,0.20,0.12,0.43,116,65,91,143,166,3.95,21.21,2.96,3.45,4.44,6.98,25.52,17.26
Qwen3.5 122B A10B,262000,Alibaba,Alibaba,Open,42,-40,31,31,94,67,25,15,23,86,42,76,1,,75,1.10,0.40,3.20,158,110,149,171,183,2.50,15.18,2.33,2.40,2.63,2.90,18.35,12.67
MiMo-V2-Flash (Feb 2026),256000,Xiaomi,Xiaomi,Open,41,-18,27,31,93,64,20,52,20,84,38,72,3,,,0.15,0.10,0.30,153,123,141,166,171,2.73,15.84,1.71,1.95,4.61,6.80,19.11,13.10
Gemini 3 Pro Preview (low),1000000,Google,Google,Proprietary,41,2,33,34,68,67,47,15,28,89,50,50,0,,,4.50,2.00,12.00,,,,,,,,,,,,,
GPT-5.5 (Non-reasoning),922000,OpenAI,OpenAI,Proprietary,41,-5,41,49,69,56,45,9,13,77,47,46,1,,71,11.25,5.00,30.00,61,45,51,69,107,0.93,0.93,0.81,0.88,1.07,1.27,9.13,
GLM-5,200000,Z AI,Z AI,Open,41,-11,41,39,97,37,23,56,7,67,38,55,0,,,1.55,1.00,3.20,65,35,52,145,241,2.25,2.25,0.80,1.28,2.77,5.33,9.97,
Qwen3.5 397B A17B,262000,Alibaba,Alibaba,Open,40,-36,36,36,84,58,24,20,19,86,41,52,1,,53,1.35,0.60,3.60,52,49,52,54,58,2.48,2.48,2.26,2.32,2.67,5.84,12.04,
DeepSeek V4 Pro,1000000,DeepSeek,DeepSeek,Open,39,-30,49,36,91,45,31,12,8,72,42,46,1,,,2.17,1.74,3.48,32,27,30,33,37,1.76,1.76,1.06,1.62,2.05,2.62,17.31,
Mistral Medium 3.5,256000,Mistral,Mistral,Open,39,-36,33,33,94,61,25,18,13,75,40,69,0,,65,3.00,1.50,7.50,150,50,108,170,200,1.72,15.09,1.44,1.56,2.06,7.90,18.44,13.37
Gemma 4 31B,256000,Google,Google,Open,39,-45,31,36,60,62,20,18,23,86,43,76,1,,73,0.00,0.00,0.00,35,31,34,36,38,1.69,58.75,1.03,1.13,1.74,2.29,73.01,57.06
Qwen3.5 Omni Plus,256000,Alibaba,Alibaba,Proprietary,39,-12,34,21,88,53,17,64,14,83,41,51,1,,71,1.50,0.40,4.80,54,39,48,57,62,2.43,2.43,2.26,2.31,2.51,4.10,11.70,
Grok 4.1 Fast,2000000,xAI,xAI,Proprietary,39,-29,27,24,93,68,25,28,18,85,44,53,3,,63,0.28,0.20,0.50,97,74,86,117,141,13.27,13.27,5.29,10.46,17.47,24.65,18.41,
Step 3.5 Flash 2603,256000,StepFun,StepFun,Proprietary,38,-44,28,33,87,54,25,8,23,83,39,67,2,,,0.00,0.00,0.00,164,140,153,185,225,1.20,13.37,0.95,1.06,1.37,3.59,16.42,12.18
o3,200000,OpenAI,OpenAI,Proprietary,38,-15,13,37,81,69,38,13,20,83,41,71,1,,70,3.50,2.00,8.00,100,40,79,125,151,9.22,9.22,3.82,5.01,16.95,26.82,14.20,
GPT-5.4 nano,400000,OpenAI,OpenAI,Proprietary,38,-19,35,33,53,57,21,50,15,76,38,64,5,,60,0.46,0.20,1.25,147,112,123,169,173,5.79,5.79,1.66,3.82,10.44,21.63,9.20,
GPT-5.4 mini (medium),400000,OpenAI,OpenAI,Proprietary,38,-20,41,34,37,61,37,11,17,82,44,65,3,,71,1.69,0.75,4.50,173,142,156,196,239,9.37,9.37,1.79,3.79,22.75,44.37,12.27,
Kimi K2.5,256000,Kimi,Kimi,Open,37,-14,38,19,81,59,23,52,12,79,40,44,1,,73,1.20,0.60,3.00,50,33,40,68,83,3.01,3.01,2.79,2.92,3.59,4.50,13.09,
Qwen3.6 27B,262000,Alibaba,Alibaba,Open,37,-53,45,21,94,55,17,16,14,83,37,46,1,,72,1.35,0.60,3.60,66,45,57,69,74,3.81,3.81,3.53,3.61,3.94,4.23,11.42,
Claude 4.5 Haiku,200000,Anthropic,Anthropic,Proprietary,37,-4,34,27,55,70,17,74,10,67,43,54,0,,59,2.19,1.25,5.00,109,68,87,149,211,19.20,19.20,3.83,9.83,33.29,136.20,23.77,
DeepSeek V4 Flash,1000000,DeepSeek,DeepSeek,Open,36,-44,45,34,94,33,26,5,7,72,37,47,0,,,0.18,0.14,0.28,98,59,90,112,128,1.32,1.32,1.06,1.12,1.47,1.98,6.44,
JT-35B-Flash,256000,China Mobile,China Mobile,Proprietary,36,-23,29,29,99,55,25,37,6,83,29,42,0,,,,,,,,,,,,,,,,,,
NVIDIA Nemotron 3 Super,1000000,NVIDIA,NVIDIA,Open,36,-42,25,29,68,60,24,13,19,80,36,71,3,2,,0.41,0.30,0.75,192,130,152,506,600,1.25,11.69,0.98,1.13,1.89,4.81,14.30,10.44
Qwen3.5 122B A10B,262000,Alibaba,Alibaba,Open,36,-54,31,30,85,56,19,11,15,83,36,51,1,,70,1.10,0.40,3.20,154,115,144,170,193,2.55,2.55,2.26,2.40,2.66,4.66,5.80,
Nova 2.0 Pro Preview (medium),256000,Amazon,Amazon,Proprietary,36,-48,24,24,93,54,22,10,9,78,43,79,0,,65,3.44,1.25,10.00,123,90,110,139,178,19.80,36.12,8.04,12.65,30.17,39.24,40.20,16.32
MiMo-V2.5-Pro,1000000,Xiaomi,Xiaomi,Open,36,-38,40,36,73,35,27,11,13,76,39,43,1,,,1.50,1.00,3.00,58,33,52,66,81,3.34,3.34,0.68,2.57,4.38,6.11,11.91,
GPT-5.4 (Non-reasoning),1050000,OpenAI,OpenAI,Proprietary,35,-16,42,38,35,47,37,17,11,75,47,48,1,,71,5.63,2.50,15.00,69,48,63,76,100,0.80,0.80,0.63,0.73,1.20,1.48,8.03,
Gemini 3 Flash,1000000,Google,Google,Proprietary,35,-4,31,32,43,48,46,10,14,81,50,55,1,,79,1.13,0.50,3.00,174,126,158,196,212,1.25,1.25,0.88,1.04,25.14,129.30,4.13,
Gemini 2.5 Pro,1000000,Google,Google,Proprietary,35,-14,21,27,54,66,39,13,21,84,43,49,3,,75,3.44,1.25,10.00,140,108,126,146,156,23.78,23.78,13.44,17.91,25.97,50.28,27.35,
Nova 2.0 Lite (high),1000000,Amazon,Amazon,Proprietary,35*,-54,18,17,73,55,19,10,11,81,37,71,,,64,0.85,0.30,2.50,129,74,88,162,226,24.85,40.33,12.54,19.95,50.37,85.90,44.20,15.48
Hy3-preview,256000,Tencent,Tencent,Open,34,-36,36,32,68,34,22,24,6,73,39,48,0,,,0.20,0.12,0.43,115,63,85,138,174,3.83,3.83,2.93,3.31,4.50,6.78,8.16,
Ling-2.6-1T,262000,InclusionAI,InclusionAI,Open,34,-51,27,31,90,35,21,8,8,75,37,57,0,,,0.85,0.30,2.50,,,,,,,,,,,,,
Doubao Seed Code,256000,ByteDance Seed,ByteDance Seed,Proprietary,34,-34,24,27,58,65,25,21,13,76,41,51,0,,68,,,,,,,,,,,,,,,,
Gemini 3.1 Flash-Lite Preview,1000000,Google,Google,Proprietary,34,-16,21,24,31,65,36,18,16,82,42,77,1,12,76,0.56,0.25,1.50,338,223,278,368,437,6.50,6.50,4.51,5.62,7.29,19.32,7.98,
gpt-oss-120B (high),131000,OpenAI,OpenAI,Open,33,-50,22,23,66,51,22,9,18,78,39,69,1,3,,0.26,0.15,0.60,262,35,117,488,1277,0.98,8.62,0.37,0.62,1.39,4.67,10.53,7.64
Mercury 2,128000,Inception,Inception,Proprietary,33,-52,23,27,71,36,20,8,16,77,39,70,1,,,0.38,0.25,0.75,895,495,619,1127,1370,5.50,5.50,2.64,4.18,8.40,12.99,6.06,
Qwen3.5 9B,262000,Alibaba,Alibaba,Open,32,-53,11,24,87,59,16,19,13,81,28,67,0,,69,0.11,0.10,0.15,64,38,56,71,98,0.76,31.82,0.55,0.63,1.27,6.38,39.59,31.06
Gemma 4 31B,256000,Google,Google,Open,32,-51,25,30,65,36,17,18,11,76,41,53,0,,70,,,,,,,,,,,,,,,,
K-EXAONE,256000,LG AI Research,LG AI Research,Open,32,-58,16,23,74,56,16,11,13,78,36,65,1,,,,,,,,,,,,,,,,,,
Grok 3 mini Reasoning (high),1000000,xAI,xAI,Proprietary,32,-6,0,17,90,50,15,75,11,79,41,46,1,,,0.35,0.30,0.50,159,114,134,180,209,0.65,13.24,0.54,0.60,0.77,0.88,16.39,12.60
Nova 2.0 Pro Preview (low),256000,Amazon,Amazon,Proprietary,32,-46,8,17,91,62,22,13,5,75,39,80,0,,63,3.44,1.25,10.00,141,92,113,148,196,11.35,25.51,7.27,9.32,16.29,23.83,29.04,14.15
Trinity Large Thinking,512000,Arcee AI,Arcee AI,Open,32,-44,18,23,90,33,23,13,15,75,36,56,1,,,0.40,0.23,0.88,108,64,76,139,252,1.04,19.57,0.84,0.92,1.19,5.46,24.20,18.53
Qwen3.6 35B A3B,262000,Alibaba,Alibaba,Open,32,-60,36,26,85,57,17,7,13,82,1,36,0,,71,0.84,0.38,2.25,188,168,175,217,227,2.57,2.57,2.21,2.48,2.67,2.78,5.23,
Gemma 4 26B A4B,256000,Google,Google,Open,31,-48,26,14,44,56,18,19,18,79,40,72,0,,69,0.20,0.13,0.40,,,,,,,,,,,,,
Claude 4.5 Haiku,200000,Anthropic,Anthropic,Proprietary,31,-8,32,27,32,44,14,75,4,65,34,42,0,,55,2.19,1.25,5.00,94,64,84,111,161,0.79,0.79,0.64,0.69,1.00,1.27,6.08,
Grok 4.3,1000000,xAI,xAI,Proprietary,31,-32,40,19,66,25,24,26,6,66,37,48,0,,65,1.56,1.25,2.50,87,50,74,94,108,0.80,0.80,0.66,0.70,0.96,7.66,6.56,
Qwen3.5 35B A3B,262000,Alibaba,Alibaba,Open,31,-62,28,11,86,55,16,8,13,82,29,44,1,,69,0.69,0.25,2.00,167,143,154,185,197,2.25,2.25,2.02,2.11,2.32,2.72,5.24,
MiMo-V2-Flash,256000,Xiaomi,Xiaomi,Open,30,-48,28,26,84,31,15,25,8,66,26,40,0,,,0.15,0.10,0.30,153,106,138,159,169,2.42,2.42,1.74,2.05,3.81,21.37,5.68,
EXAONE 4.5 33B,262000,LG AI Research,LG AI Research,Open,30,-51,16,20,78,49,16,19,12,79,28,58,0,,67,,,,,,,,,,,,,,,,
Nova 2.0 Lite (medium),1000000,Amazon,Amazon,Proprietary,30,-56,7,17,76,58,18,10,9,77,37,69,0,,63,0.85,0.30,2.50,129,77,104,179,225,18.72,34.19,7.68,14.08,26.29,67.89,38.06,15.47
ERNIE 5.0 Thinking Preview,128000,Baidu,Baidu,Proprietary,29,-44,14,25,84,7,22,15,13,78,38,41,1,,65,,,,,,,,,,,,,,,,
Grok 4.20 0309 v2,2000000,xAI,xAI,Proprietary,29,-45,27,17,60,17,27,3,24,78,33,49,0,,65,3.00,2.00,6.00,89,65,72,99,112,0.74,0.74,0.59,0.69,0.86,1.23,6.38,
Grok Code Fast 1,256000,xAI,xAI,Proprietary,29,-36,13,17,76,48,24,21,7,73,36,41,0,,,0.53,0.20,1.50,65,25,47,95,167,10.50,10.50,4.35,5.53,17.15,29.87,18.17,
Nemotron Cascade 2 30B A3B,1000000,NVIDIA,NVIDIA,Open,28,-52,13,21,53,34,18,15,11,76,35,80,1,,,,,,,,,,,,,,,,,,
Qwen3 Coder Next,256000,Alibaba,Alibaba,Open,28,-61,21,18,80,40,16,9,9,74,32,35,0,,,0.56,0.35,1.20,151,21,66,174,214,1.37,1.37,0.73,0.99,2.11,3.89,4.68,
Nova 2.0 Omni (medium),1000000,Amazon,Amazon,Proprietary,28,-58,14,5,80,54,18,8,7,76,36,66,0,,62,0.85,0.30,2.50,,,,,,,,,,,,,
Mistral Small 4,256000,Mistral,Mistral,Open,28,-30,18,17,41,45,22,33,9,77,38,48,0,,57,0.26,0.15,0.60,155,98,135,172,189,0.72,13.63,0.65,0.68,1.28,7.88,16.85,12.91
Qwen3.5 9B,262000,Alibaba,Alibaba,Open,27,-71,17,18,85,38,14,1,9,79,28,38,1,,67,,,,,,,,,,,,,,,,
Magistral Medium 1.2,128000,Mistral,Mistral,Proprietary,27,-26,6,13,52,51,21,41,10,74,39,43,0,,60,2.75,2.00,5.00,42,36,40,43,45,1.71,49.87,1.63,1.66,1.75,2.47,61.90,48.16
Gemma 4 26B A4B,256000,Google,Google,Open,27,-62,22,25,40,40,16,8,11,71,37,45,0,,67,,,,,,,,,,,,,,,,
Qwen3.5 4B,262000,Alibaba,Alibaba,Open,27,-57,1,18,92,56,13,20,8,77,16,52,0,,65,0.06,0.03,0.15,197,167,190,210,221,0.46,10.61,0.37,0.39,0.47,0.52,13.15,10.15
DeepSeek R1 0528,128000,DeepSeek,DeepSeek,Open,27,-27,9,16,37,55,31,16,15,81,40,40,1,,,2.06,1.35,4.20,,,,,,,,,,,,,
Qwen3 Next 80B A3B,262000,Alibaba,Alibaba,Open,27,-51,11,10,42,60,17,18,12,76,39,61,0,,,1.88,0.50,6.00,168,144,158,173,195,2.18,14.05,2.03,2.11,2.27,2.42,17.02,11.88
Ling 2.6 Flash,262000,InclusionAI,InclusionAI,Open,26,-66,14,21,86,25,15,4,6,59,27,57,0,,,0.15,0.10,0.30,,,,,,,,,,,,,
Solar Pro 3,128000,Upstage,Upstage,Proprietary,26,-54,9,8,86,27,18,12,10,72,25,71,0,,,,,,,,,,,,,,,,,,
Qwen3.5 Omni Flash,256000,Alibaba,Alibaba,Proprietary,26,-66,20,8,85,44,14,6,7,74,25,38,0,,65,0.28,0.10,0.80,267,205,230,283,303,1.92,1.92,1.78,1.82,2.13,4.88,3.79,
JT-MINI,128000,China Mobile,China Mobile,Proprietary,25,-65,17,18,93,12,14,9,7,68,27,37,0,,,,,,,,,,,,,,,,,,
Nova 2.0 Lite (low),1000000,Amazon,Amazon,Proprietary,25,-51,0,4,72,52,16,20,4,70,33,61,0,,58,0.85,0.30,2.50,139,78,105,162,202,13.13,27.55,6.24,9.22,17.13,27.85,31.16,14.43
gpt-oss-20B (high),131000,OpenAI,OpenAI,Open,24,-64,8,11,60,31,16,6,10,69,34,65,1,1,,0.09,0.05,0.20,241,67,166,318,875,0.75,9.03,0.32,0.47,0.94,16.49,11.10,8.28
gpt-oss-120B (low),131000,OpenAI,OpenAI,Open,24,-50,17,5,45,44,16,22,5,67,36,58,0,,,0.26,0.15,0.60,254,29,119,476,1353,0.98,8.85,0.39,0.64,1.40,3.98,10.82,7.87
GPT-5.4 nano,400000,OpenAI,OpenAI,Proprietary,24,-39,22,24,35,25,14,39,4,56,35,33,0,,44,0.46,0.20,1.25,152,116,135,163,171,0.69,0.69,0.45,0.57,0.90,2.43,3.98,
NVIDIA Nemotron 3 Nano,1000000,NVIDIA,NVIDIA,Open,24,-52,3,14,41,34,17,17,10,76,30,71,1,,,0.10,0.06,0.22,109,58,87,200,213,3.88,22.19,1.02,1.11,13.10,23.10,26.77,18.31
LongCat Flash Lite,256000,LongCat,LongCat,Open,24,-70,17,11,80,26,13,4,6,64,28,43,0,,,0.00,0.00,0.00,113,71,93,129,155,6.97,6.97,4.70,5.24,12.11,20.86,11.41,
Grok 4.1 Fast,2000000,xAI,xAI,Proprietary,24,-51,14,14,64,22,17,18,5,64,30,36,0,,48,0.28,0.20,0.50,95,55,84,117,149,0.80,0.80,0.59,0.69,0.99,2.12,6.08,
K-EXAONE,256000,LG AI Research,LG AI Research,Open,23,-61,13,7,59,47,12,16,5,69,27,40,0,,,,,,,,,,,,,,,,,,
GPT-5.4 mini,400000,OpenAI,OpenAI,Proprietary,23,-46,25,18,23,30,25,5,6,61,40,39,0,,60,1.69,0.75,4.50,149,130,142,190,203,0.78,0.78,0.52,0.62,1.32,2.12,4.13,
Nova 2.0 Omni (low),1000000,Amazon,Amazon,Proprietary,23,-50,0,4,68,51,18,16,4,70,34,62,0,,60,0.85,0.30,2.50,,,,,,,,,,,,,
Nova 2.0 Pro Preview,256000,Amazon,Amazon,Proprietary,23,-48,0,17,72,28,16,23,4,64,28,52,0,,,3.44,1.25,10.00,112,93,103,129,156,1.16,1.16,0.99,1.08,1.52,2.15,5.62,
Mi:dm K 2.5 Pro,128000,Korea Telecom,Korea Telecom,Proprietary,23,-57,7,2,87,9,17,11,8,70,33,49,0,,,,,,,,,,,,,,,,,,
Mistral Large 3,256000,Mistral,Mistral,Open,23,-39,18,16,25,35,24,16,4,68,36,36,0,,56,0.75,0.50,1.50,50,36,43,57,69,1.08,1.08,0.97,1.02,1.16,2.20,11.15,
Ring-1T,128000,InclusionAI,InclusionAI,Open,23,-48,9,7,26,46,20,16,10,77,37,45,1,,,,,,,,,,,,,,,,,,
Qwen3.5 4B,262000,Alibaba,Alibaba,Open,23,-75,8,11,88,28,11,3,7,71,18,33,0,,62,0.06,0.03,0.15,206,181,198,212,228,0.46,0.46,0.37,0.40,0.51,0.65,2.89,
INTELLECT-3,131000,Prime Intellect,Prime Intellect,Open,22,-51,13,9,27,32,19,13,12,76,39,34,0,,,,,,,,,,,,,,,,,,
Devstral 2,256000,Mistral,Mistral,Open,22,-46,18,19,25,30,21,15,4,59,33,38,0,,,0.00,0.00,0.00,61,22,41,79,90,1.07,1.07,0.97,1.04,1.16,1.66,9.32,
Solar Open 100B,128000,Upstage,Upstage,Open,22,-54,8,2,48,36,18,12,9,66,27,58,0,,,,,,,,,,,,,,,,,,
Gemini 2.5 Flash-Lite (Sep),1000000,Google,Google,Proprietary,22,-53,0,13,31,59,18,13,7,71,29,53,0,,65,0.18,0.10,0.40,,,,,,,,,,,,,
Nemotron 3 Nano Omni 30B A3B Reasoning,256000,NVIDIA,NVIDIA,Open,21,-56,13,8,45,36,15,17,5,47,28,63,0,,53,0.13,0.07,0.30,297,107,289,312,325,1.05,7.79,0.98,1.02,1.10,6.06,9.48,6.74
gpt-oss-20B (low),131000,OpenAI,OpenAI,Open,21,-60,2,5,50,31,14,13,5,61,34,58,0,,,0.10,0.06,0.20,236,74,163,318,868,0.83,9.30,0.33,0.53,1.21,20.52,11.42,8.47
Qwen3 Next 80B A3B,262000,Alibaba,Alibaba,Open,20,-59,6,8,22,51,18,7,7,74,31,40,0,,,0.88,0.50,2.00,163,136,147,177,199,2.24,2.24,2.08,2.12,2.39,2.55,5.30,
Devstral Small 2,256000,Mistral,Mistral,Open,19,-57,16,17,23,24,15,15,3,53,29,31,0,,45,0.00,0.00,0.00,52,23,36,73,119,1.18,1.18,0.97,1.05,1.64,3.98,10.79,
Gemini 2.5 Flash-Lite (Sep),1000000,Google,Google,Proprietary,19,-43,0,8,30,48,14,34,5,65,28,42,0,,63,0.18,0.10,0.40,,,,,,,,,,,,,
Motif-2-12.7B,128000,Motif Technologies,Motif Technologies,Proprietary,19,-61,0,4,46,13,15,10,8,69,28,57,0,,,,,,,,,,,,,,,,,,
Ling-1T,128000,InclusionAI,InclusionAI,Open,19,-55,0,11,33,35,20,6,7,72,35,35,1,,,,,,,,,,,,,,,,,,
Nova Premier,1000000,Amazon,Amazon,Proprietary,19,-36,0,7,38,30,19,32,5,57,28,36,0,,,5.00,2.50,12.50,30,22,28,33,35,2.97,2.97,2.83,2.86,3.05,6.22,19.57,
Gemma 4 E4B,128000,Google,Google,Open,19,-20,0,8,21,31,9,69,4,58,24,44,1,,51,,,,,,,,,,,,,,,,
Llama Nemotron Super 49B v1.5,128000,NVIDIA,NVIDIA,Open,19,-46,0,5,28,34,17,24,7,75,35,37,0,,,0.18,0.10,0.40,50,43,47,51,52,1.30,41.65,1.18,1.25,1.34,1.42,51.74,40.35
Mistral Small 4,256000,Mistral,Mistral,Open,19,-48,17,11,18,21,16,23,4,57,28,33,0,,46,0.26,0.15,0.60,134,85,119,169,189,0.68,0.68,0.62,0.66,0.82,1.19,4.43,
Llama 3.3 Nemotron Super 49B,128000,NVIDIA,NVIDIA,Open,18*,-58,,0,27,17,17,9,7,64,28,38,0,,,,,,,,,,,,,,,,,,
Llama 4 Maverick,1000000,Meta,Meta,Open,18,-42,0,7,18,46,24,13,5,67,33,43,0,,62,0.47,0.35,0.85,108,28,66,133,662,1.08,1.08,0.61,0.90,1.61,3.86,5.70,
Magistral Small 1.2,128000,Mistral,Mistral,Open,18,-65,9,5,28,16,13,9,6,66,35,44,0,,55,0.75,0.50,1.50,103,86,101,108,109,0.81,20.18,0.77,0.79,0.87,2.53,25.02,19.37
Sarvam 105B (high),128000,Sarvam,Sarvam,Open,18,-60,12,2,47,0,18,6,10,74,26,34,0,,,0.00,0.00,0.00,118,82,103,153,162,2.26,19.19,2.17,2.23,2.36,3.42,23.43,16.93
Nova 2.0 Lite,1000000,Amazon,Amazon,Proprietary,18,-59,0,7,62,18,14,16,3,60,24,41,0,,49,0.85,0.30,2.50,123,65,101,190,213,1.75,1.75,1.05,1.26,2.13,3.30,5.82,
Llama 3.1 405B,128000,Meta,Meta,Open,17,-17,0,7,19,24,22,49,4,52,30,39,0,,,3.69,2.75,6.50,45,20,29,82,99,2.38,2.38,1.97,2.13,2.65,4.82,13.47,
EXAONE 4.0 32B,131000,LG AI Research,LG AI Research,Open,17,-61,0,4,17,14,14,14,11,74,34,36,0,,,,,,,,,,,,,,,,,,
Nova 2.0 Omni,1000000,Amazon,Amazon,Proprietary,17,-65,0,7,45,22,13,11,4,55,28,41,0,,50,0.85,0.30,2.50,,,,,,,,,,,,,
Qwen3.5 2B,262000,Alibaba,Alibaba,Open,16,-47,0,4,69,24,5,45,2,46,3,31,0,,43,0.04,0.02,0.10,,,,,,,,,,,,,
Nanbeige4.1-3B,256000,Nanbeige,Nanbeige,Open,16,-42,0,0,22,0,10,43,10,85,27,35,0,,,,,,,,,,,,,,,,,,
Ministral 3 14B,256000,Mistral,Mistral,Open,16,-67,8,5,27,22,12,10,5,57,24,32,0,,50,0.20,0.20,0.20,99,62,88,117,123,0.73,0.73,0.69,0.70,0.77,0.81,5.78,
DeepSeek R1 Distill Llama 70B,128000,DeepSeek,DeepSeek,Open,16*,-46,,2,22,11,19,18,6,40,31,28,0,,,0.79,0.70,1.05,43,33,37,45,46,1.70,48.52,1.61,1.63,1.77,2.04,60.22,46.81
Falcon-H1R-7B,256000,TII UAE,TII UAE,Open,16,-62,0,2,28,9,14,11,11,66,25,54,0,,,,,,,,,,,,,,,,,,
Ling-flash-2.0,128000,InclusionAI,InclusionAI,Open,16,-63,0,11,21,15,14,10,6,66,29,34,0,,,0.25,0.14,0.57,80,41,75,86,92,2.58,2.58,1.99,2.25,3.29,6.71,8.82,
Qwen3 Omni 30B A3B,65500,Alibaba,Alibaba,Open,16,-61,0,4,21,0,15,11,7,73,31,43,0,,60,0.43,0.25,0.97,80,65,71,90,101,2.00,26.90,1.83,1.89,2.18,2.61,33.12,24.90
Step3 VL 10B,65500,StepFun,StepFun,Open,15,-59,0,5,16,0,13,18,10,69,31,50,0,,64,,,,,,,,,,,,,,,,
Gemma 4 E2B,128000,Google,Google,Open,15,-24,0,3,21,15,7,67,5,43,21,38,0,,45,,,,,,,,,,,,,,,,
Llama Nemotron Ultra,128000,NVIDIA,NVIDIA,Open,15,-46,0,2,11,7,20,18,8,73,35,38,0,,,0.90,0.60,1.80,41,36,41,42,43,2.60,50.92,2.51,2.54,2.65,2.95,63.00,48.32
ERNIE 4.5 300B A47B,131000,Baidu,Baidu,Open,15,-36,,6,0,2,19,33,4,81,31,39,0,,,0.49,0.28,1.10,23,20,22,25,27,3.52,3.52,3.24,3.39,3.76,4.01,24.86,
Solar Pro 2,65500,Upstage,Upstage,Proprietary,15,-57,0,3,28,0,19,6,7,69,30,37,0,,,,,,,,,,,,,,,,,,
NVIDIA Nemotron Nano 12B v2 VL,128000,NVIDIA,NVIDIA,Open,15,-64,0,5,21,40,14,9,5,57,26,32,0,,53,0.30,0.20,0.60,,,,,,,,,,,,,
Ministral 3 8B,256000,Mistral,Mistral,Open,15,-68,7,5,27,24,11,11,4,47,21,29,0,,46,0.15,0.15,0.15,99,50,79,112,150,0.70,0.70,0.60,0.65,0.74,0.91,5.76,
Gemma 4 E4B,128000,Google,Google,Open,15,-42,0,8,26,18,8,46,5,55,4,41,0,,51,,,,,,,,,,,,,,,,
NVIDIA Nemotron Nano 9B V2,131000,NVIDIA,NVIDIA,Open,15,-43,0,2,22,21,11,39,5,57,22,28,0,,,0.07,0.04,0.16,122,79,116,129,135,0.67,17.12,0.56,0.60,0.71,0.77,21.23,16.45
Granite 4.1 30B,131000,IBM,IBM,Open,15,-68,0,2,42,19,14,5,4,48,26,44,0,,,,,,,,,,,,,,,,,,
NVIDIA Nemotron 3 Nano 4B,262000,NVIDIA,NVIDIA,Open,15,-72,0,7,28,17,9,11,5,51,16,58,0,,,,,,,,,,,,,,,,,,
Qwen3.5 2B,262000,Alibaba,Alibaba,Open,15,-83,0,4,82,14,7,3,5,44,7,29,0,,43,0.04,0.02,0.10,327,207,307,343,356,0.36,0.36,0.29,0.32,0.40,0.75,1.89,
Llama Nemotron Super 49B v1.5,128000,NVIDIA,NVIDIA,Open,15,-46,0,4,25,22,12,34,4,48,24,33,0,,,0.18,0.10,0.40,50,44,48,51,53,1.32,1.32,1.21,1.29,1.36,3.12,11.38,
Llama 3.3 70B,128000,Meta,Meta,Open,14,-52,0,3,27,15,18,15,4,50,26,47,0,,,0.62,0.58,0.71,75,18,34,125,314,1.64,1.64,0.88,1.13,2.59,4.12,8.31,
Llama 3.1 Nemotron Nano 4B v1.1,128000,NVIDIA,NVIDIA,Open,14*,,,,12,0,,,5,41,10,26,,,,,,,,,,,,,,,,,,,
Kimi Linear 48B A3B Instruct,1000000,Kimi,Kimi,Open,14*,,,11,0,26,,,3,41,20,28,,,,,,,,,,,,,,,,,,,
Llama 3.3 Nemotron Super 49B,128000,NVIDIA,NVIDIA,Open,14*,-50,,0,,11,13,27,4,52,23,39,0,,,,,,,,,,,,,,,,,,
Ring-flash-2.0,128000,InclusionAI,InclusionAI,Open,14,-59,,8,0,21,16,10,9,73,17,43,0,,,0.25,0.14,0.57,84,29,77,90,93,2.43,26.22,2.08,2.25,3.34,7.16,32.16,23.79
Solar Pro 2,65500,Upstage,Upstage,Proprietary,14,-62,0,5,32,0,16,9,4,56,25,34,0,,,,,,,,,,,,,,,,,,
Llama 4 Scout,10000000,Meta,Meta,Open,14,-52,0,2,15,26,15,22,4,59,17,40,0,,53,0.29,0.17,0.66,131,31,54,186,448,0.86,0.86,0.57,0.71,1.07,4.35,4.68,
Command A,256000,Cohere,Cohere,Open,13,-48,0,1,15,18,16,24,5,53,28,36,0,,,4.38,2.50,10.00,38,8,24,61,76,1.85,1.85,1.60,1.65,2.90,6.51,14.86,
Llama 3.1 Nemotron 70B,128000,NVIDIA,NVIDIA,Open,13,-41,0,5,23,7,16,31,5,46,23,31,0,,,1.20,1.20,1.20,281,239,269,294,307,0.49,0.49,0.42,0.44,0.52,0.89,2.27,
NVIDIA Nemotron 3 Nano,1000000,NVIDIA,NVIDIA,Open,13,-69,0,12,25,7,11,9,5,40,23,37,0,,,0.09,0.05,0.20,90,60,77,111,135,0.44,0.44,0.39,0.41,0.52,1.51,6.00,
NVIDIA Nemotron Nano 9B V2,131000,NVIDIA,NVIDIA,Open,13,-57,0,1,23,23,10,26,4,56,21,27,0,,,0.09,0.05,0.20,139,81,122,171,183,1.08,1.08,0.56,0.66,1.29,18.58,4.69,
MiniCPM-V 4.6 1.3B,262000,OpenBMB,OpenBMB,Open,13,-85,0,0,88,6,6,3,5,31,2,27,0,,38,,,,,,,,,,,,,,,,
Granite 4.1 8B,131000,IBM,IBM,Open,12,-65,2,0,28,12,12,13,4,43,22,39,0,,,0.06,0.05,0.10,118,62,107,123,128,0.83,0.83,0.78,0.79,0.86,1.02,5.06,
Sarvam 30B (high),65500,Sarvam,Sarvam,Open,12,-72,0,2,35,0,13,3,7,63,19,26,0,,,0.00,0.00,0.00,259,236,248,265,272,1.92,9.64,1.81,1.87,1.99,2.11,11.57,7.72
Gemma 4 E2B,128000,Google,Google,Open,12,-61,0,2,22,15,8,25,4,41,20,34,0,,42,,,,,,,,,,,,,,,,
R1 1776,128000,Perplexity,Perplexity,Open,12*,,,,,,,,,,,,,,,,,,,,,,,,,,,,,,
Llama 3.2 90B (Vision),128000,Meta,Meta,Open,12*,,,,,,,,5,43,24,,,,39,1.38,1.38,1.38,57,49,53,59,62,1.23,1.23,1.11,1.16,1.34,2.57,10.07,
EXAONE 4.0 32B,131000,LG AI Research,LG AI Research,Open,12,-62,0,2,4,8,10,19,5,63,25,33,0,,,,,,,,,,,,,,,,,,
Ministral 3 3B,256000,Mistral,Mistral,Open,11,-64,0,0,25,12,8,22,5,36,14,27,0,,38,0.10,0.10,0.10,252,162,217,270,288,0.51,0.51,0.48,0.50,0.53,0.69,2.49,
Jamba 1.7 Large,256000,AI21 Labs,AI21 Labs,Open,11,-56,0,2,13,17,20,6,4,39,19,35,0,,,3.50,2.00,8.00,59,37,56,62,63,1.55,1.55,1.16,1.39,1.83,2.40,10.00,
Granite 4.0 H Small,128000,IBM,IBM,Open,11,-61,0,2,17,9,14,12,4,42,21,31,0,,,0.11,0.06,0.25,206,22,91,350,796,10.48,10.48,10.15,10.26,10.63,11.18,12.90,
Qwen3 Omni 30B A3B,65500,Alibaba,Alibaba,Open,11,-69,0,2,16,0,14,2,5,62,19,31,0,,55,0.43,0.25,0.97,94,84,89,97,101,2.10,2.10,1.83,1.90,2.32,3.32,7.42,
Qwen3.5 0.8B,262000,Alibaba,Alibaba,Open,11,-35,0,0,48,5,1,63,1,11,0,21,0,,26,0.02,0.01,0.05,,,,,,,,,,,,,
LFM2 24B A2B,32800,Liquid AI,Liquid AI,Open,10,-59,0,0,11,0,6,30,4,47,11,46,0,,,0.05,0.03,0.12,225,74,197,257,262,0.50,0.50,0.45,0.47,0.61,1.40,2.72,
Phi-4,16000,Microsoft,Microsoft,Open,10,-57,,4,0,0,13,19,4,57,26,24,0,,,0.22,0.13,0.50,32,17,25,38,42,2.13,2.13,1.97,2.06,2.26,6.00,17.82,
Nova Micro,130000,Amazon,Amazon,Proprietary,10,-49,0,2,14,10,10,35,5,36,9,29,0,,,0.06,0.04,0.14,287,224,250,352,385,0.98,0.98,0.83,0.89,1.07,1.50,2.73,
NVIDIA Nemotron Nano 12B v2 VL,128000,NVIDIA,NVIDIA,Open,10,-73,0,0,19,17,11,5,4,44,18,26,0,,45,0.30,0.20,0.60,228,186,204,291,308,0.70,0.70,0.44,0.48,1.19,2.11,2.90,
Phi-4 Multimodal,128000,Microsoft,Microsoft,Open,10*,,,,,,,,4,32,11,,,,15,0.00,0.00,0.00,13,2,8,15,17,4.06,4.06,0.79,2.22,14.42,28.76,42.46,
Qwen3.5 0.8B,262000,Alibaba,Alibaba,Open,10,-89,0,0,65,7,5,1,5,24,3,22,0,,26,0.02,0.01,0.05,95,35,67,148,275,0.47,0.47,0.34,0.41,0.55,1.22,5.74,
Jamba Reasoning 3B,262000,AI21 Labs,AI21 Labs,Open,10,-74,0,1,16,7,7,14,5,33,6,52,0,,,,,,,,,,,,,,,,,,
Reka Flash 3,128000,Reka AI,Reka AI,Open,10,-65,,0,0,0,13,10,5,53,27,30,0,,,0.35,0.20,0.80,,,,,,,,,,,,,
Ling-mini-2.0,131000,InclusionAI,InclusionAI,Open,9,-79,0,1,13,7,9,4,5,56,14,24,0,,,,,,,,,,,,,,,,,,
Llama 3.2 11B (Vision),128000,Meta,Meta,Open,9,-63,,1,15,12,10,18,5,22,11,30,0,,29,0.24,0.24,0.24,45,29,37,51,56,0.76,0.76,0.51,0.59,0.90,1.52,11.82,
Granite 4.1 3B,131000,IBM,IBM,Open,9,-77,0,2,20,3,9,5,3,31,12,34,0,,,,,,,,,,,,,,,,,,
Phi-4 Mini,128000,Microsoft,Microsoft,Open,8,-61,0,0,8,14,8,24,4,33,11,21,0,,,0.00,0.00,0.00,43,33,41,43,44,0.64,0.64,0.62,0.63,0.84,1.05,12.38,
Exaone 4.0 1.2B,64000,LG AI Research,LG AI Research,Open,8,-82,0,0,16,0,6,6,6,52,9,23,0,,,,,,,,,,,,,,,,,,
Exaone 4.0 1.2B,64000,LG AI Research,LG AI Research,Open,8,-83,0,0,20,0,5,9,6,42,7,25,0,,,,,,,,,,,,,,,,,,
LFM2.5-1.2B-Thinking,32000,Liquid AI,Liquid AI,Open,8,-84,0,0,20,0,7,3,6,34,4,42,0,,,,,,,,,,,,,,,,,,
Jamba 1.7 Mini,258000,AI21 Labs,AI21 Labs,Open,8,-74,0,0,13,13,11,3,4,32,9,31,0,,,,,,,,,,,,,,,,,,
LFM2 2.6B,32800,Liquid AI,Liquid AI,Open,8,-52,0,1,13,0,5,40,5,31,3,20,0,,,0.00,0.00,0.00,,,,,,,,,,,,,
LFM2.5-1.2B-Instruct,32000,Liquid AI,Liquid AI,Open,8,-74,0,0,11,0,6,15,7,33,2,44,0,,,0.00,0.00,0.00,,,,,,,,,,,,,
Granite 4.0 H 1B,128000,IBM,IBM,Open,8,-74,0,0,20,6,5,17,5,26,8,26,0,,,,,,,,,,,,,,,,,,
Gemma 3 270M,32000,Google,Google,Open,8,-31,,0,9,0,1,68,4,22,0,12,0,,,,,,,,,,,,,,,,,,
Apertus 70B Instruct,65500,Swiss AI Initiative,Swiss AI Initiative,Open,8,-55,,0,13,0,13,21,5,27,6,26,0,,,1.34,0.82,2.92,,,,,,,,,,,,,
Granite 4.0 Micro,128000,IBM,IBM,Open,8,-78,0,2,13,4,9,4,5,34,12,25,0,,,,,,,,,,,,,,,,,,
Granite 4.0 1B,128000,IBM,IBM,Open,7,-82,0,0,23,4,6,6,5,28,9,21,0,,,,,,,,,,,,,,,,,,
LFM2 8B A1B,32800,Liquid AI,Liquid AI,Open,7,-75,0,0,11,0,7,12,5,34,7,26,0,,,0.00,0.00,0.00,,,,,,,,,,,,,
LFM2.5-VL-1.6B,32000,Liquid AI,Liquid AI,Open,6,-84,0,0,8,0,5,6,5,29,3,33,0,,27,0.00,0.00,0.00,,,,,,,,,,,,,
Granite 4.0 350M,32800,IBM,IBM,Open,6,-72,0,0,13,0,3,22,6,26,1,16,0,,,,,,,,,,,,,,,,,,
Apertus 8B Instruct,65500,Swiss AI Initiative,Swiss AI Initiative,Open,6,-75,,0,11,0,10,5,5,26,4,22,0,,,0.13,0.10,0.20,,,,,,,,,,,,,
Granite 4.0 H 350M,32800,IBM,IBM,Open,5,-87,0,0,15,0,4,6,6,26,2,18,0,,,,,,,,,,,,,,,,,,
Tiny Aya Global,8189,Cohere,Cohere,Open,5,-85,,0,0,0,6,4,5,31,4,20,0,,,0.00,0.00,0.00,,,,,,,,,,,,,
EXAONE 4.5 33B,262000,LG AI Research,LG AI Research,Open,,,,,,,,,,,,,,,,,,,,,,,,,,,,,,,
Gemini 3 Deep Think,128000,Google,Google,Proprietary,,,41,,,,,,,,,,26,,,,,,,,,,,,,,,,,,
Mi:dm K 2.5 Pro Preview,128000,Korea Telecom,Korea Telecom,Proprietary,,-62,,3,49,11,16,7,9,72,30,46,0,,,,,,,,,,,,,,,,,,
GPT-5.5 Pro (xhigh),922000,OpenAI,OpenAI,Proprietary,,,,,,,,,,,,,31,,,,,,,,,,,,,,,,,,
